label,n,n_pos,prevalence,pr_auc,auroc,brier,cal_slope,cal_intercept,seed,fold
ElasticNet,3273,1389,0.42438130155820347,0.6830554576518653,0.7979201154353511,0.18181263623827765,0.9351654549172825,-0.2851354133207778,7,0
LightGBM,3273,1389,0.42438130155820347,0.6898227338909262,0.8008140240500505,0.18134193894962647,0.8740154357326289,-0.23526260058609472,7,0
RandomForest,3273,1389,0.42438130155820347,0.6884962048379177,0.794124750274755,0.18215103031537497,0.7923348371272314,0.007505792806849696,7,0
ElasticNet,3273,1389,0.42438130155820347,0.698350552936809,0.8067099854941541,0.17852938366599103,0.9788738419203753,-0.31208618679505107,7,1
LightGBM,3273,1389,0.42438130155820347,0.7051571226831661,0.8091019597413099,0.1777048846220046,0.8664525905610954,-0.24799238586077263,7,1
RandomForest,3273,1389,0.42438130155820347,0.6952317176428716,0.804428639339426,0.17706920596123163,0.8026843098498468,-0.02652738418203382,7,1
ElasticNet,3273,1389,0.42438130155820347,0.7334592645215723,0.8243715025090986,0.16970821950107967,1.0939715492330242,-0.29898173410082446,7,2
LightGBM,3273,1389,0.42438130155820347,0.7463924497467671,0.831585256618961,0.1670301193413186,1.053619849209856,-0.25238647323741664,7,2
RandomForest,3273,1389,0.42438130155820347,0.7237079138531672,0.8190907784702065,0.17074421699426284,0.8891932192860124,0.050147598232011016,7,2
ElasticNet,3273,1389,0.42438130155820347,0.7013906225244106,0.8053965873812897,0.17942412176057146,0.9911986738397653,-0.3429010230971779,7,3
LightGBM,3273,1389,0.42438130155820347,0.683027936490339,0.803445788031225,0.1801661612170254,0.9024111361902021,-0.2947655450917325,7,3
RandomForest,3273,1389,0.42438130155820347,0.6855469226038554,0.7991637739044571,0.17955452693757,0.805032000467306,-0.04188655820308693,7,3
ElasticNet,3273,1388,0.4240757714634891,0.6909076416513431,0.8008664643515087,0.18063342924780762,0.9439326411320773,-0.2712721745509251,7,4
LightGBM,3273,1388,0.4240757714634891,0.6980420639637378,0.805417026578708,0.17944695376643927,0.817397804379504,-0.1807156603198291,7,4
RandomForest,3273,1388,0.4240757714634891,0.7151994437254843,0.8041492443758169,0.17748493397155174,0.8075061880123104,0.029689949428618884,7,4
ElasticNet,3273,1389,0.42438130155820347,0.7079842774311719,0.8060542417753077,0.1797568512081745,0.9764901523057993,-0.32592974436071576,11,0
LightGBM,3273,1389,0.42438130155820347,0.7260040271051483,0.8118464535576009,0.177928742233197,0.9081351822157724,-0.2705793912194612,11,0
RandomForest,3273,1389,0.42438130155820347,0.7103830383616486,0.8041789140945158,0.17747320501069352,0.8013385918086594,-0.018375540024143832,11,0
ElasticNet,3273,1389,0.42438130155820347,0.6847435905786475,0.8004796558950444,0.18116439134097231,0.9692494115947524,-0.31939575981195706,11,1
LightGBM,3273,1389,0.42438130155820347,0.6947743178852003,0.8043780064473823,0.17966013083131102,0.9016160564631971,-0.26565177019990205,11,1
RandomForest,3273,1389,0.42438130155820347,0.6888399397225334,0.7961991703084136,0.18091489968428556,0.76962905088187,-0.02020630706510862,11,1
ElasticNet,3273,1389,0.42438130155820347,0.7005362536353493,0.8071226913311904,0.17722522767744348,0.9787104741843807,-0.28693332892196094,11,2
LightGBM,3273,1389,0.42438130155820347,0.7068468583376041,0.8097143311337642,0.17692093185477045,0.9170571323168004,-0.2608295607266118,11,2
RandomForest,3273,1389,0.42438130155820347,0.6997469045158549,0.8045809201505918,0.1772886308856978,0.8768130895885132,0.00011605883716600562,11,2
ElasticNet,3273,1389,0.42438130155820347,0.7092715083541591,0.8133316213683798,0.17503674857928103,1.0516404136541648,-0.3028031804782081,11,3
LightGBM,3273,1389,0.42438130155820347,0.7061905568051554,0.8130528538608631,0.17514666770676132,0.9594067454999052,-0.24909252576059443,11,3
RandomForest,3273,1389,0.42438130155820347,0.7031043088440285,0.8063672103683934,0.1765490273958652,0.8821793108755149,0.02409341227743625,11,3
ElasticNet,3273,1388,0.4240757714634891,0.7062624409964525,0.8075795564864432,0.1774939642280997,0.9635532919692255,-0.2748161356682297,11,4
LightGBM,3273,1388,0.4240757714634891,0.7177280127865742,0.8127083986271106,0.17577821518142742,0.909500994702038,-0.22224304876438492,11,4
RandomForest,3273,1388,0.4240757714634891,0.6950099301960762,0.801555393329715,0.17830973962046373,0.7901319097026649,0.033605231759713534,11,4
ElasticNet,3273,1389,0.42438130155820347,0.6897398399354718,0.807894986235496,0.17665300207004184,1.0187897782118542,-0.3338339350083048,19,0
LightGBM,3273,1389,0.42438130155820347,0.7017273524474392,0.8146513247093099,0.1736345835296288,0.9583670510119555,-0.25972868712213165,19,0
RandomForest,3273,1389,0.42438130155820347,0.7084204065123396,0.8074091015393929,0.17611798214346336,0.8587458479843892,-0.007329238472879699,19,0
ElasticNet,3273,1389,0.42438130155820347,0.7268116038422426,0.8214347947705585,0.17155825496754554,1.078805449643219,-0.2821440513427521,19,1
LightGBM,3273,1389,0.42438130155820347,0.7296307698728279,0.8236937860257805,0.1706627495796041,1.0051257567629903,-0.2542224731984189,19,1
RandomForest,3273,1389,0.42438130155820347,0.7196854989213393,0.8190118675856249,0.17021632549139426,0.9034727942893646,0.02511452668143992,19,1
ElasticNet,3273,1389,0.42438130155820347,0.7054382283608931,0.8065685955314658,0.1788644816316378,0.9992741132802996,-0.3239772308845691,19,2
LightGBM,3273,1389,0.42438130155820347,0.7054425320628713,0.8123552663557615,0.1762219872026038,0.9480905695386933,-0.28484854057416836,19,2
RandomForest,3273,1389,0.42438130155820347,0.709475850317794,0.8085765240691573,0.1753933156804834,0.8925981945995306,-0.021806070177760314,19,2
ElasticNet,3273,1389,0.42438130155820347,0.6882813124949556,0.793179730334949,0.18380311170966607,0.8711728471527157,-0.24735475791603673,19,3
LightGBM,3273,1389,0.42438130155820347,0.6903167197424682,0.7960331326360134,0.182908159847628,0.8039426010712467,-0.1922030098551634,19,3
RandomForest,3273,1389,0.42438130155820347,0.6858109239660626,0.7942672866425462,0.18238938452659811,0.7379856522678387,0.023799070476281978,19,3
ElasticNet,3273,1388,0.4240757714634891,0.7034092394132292,0.8068873787446778,0.17943730620226925,0.9909710205511708,-0.33355553310286923,19,4
LightGBM,3273,1388,0.4240757714634891,0.7008751322082994,0.8076829436091089,0.17999524987719875,0.9305648990078438,-0.3085372984775355,19,4
RandomForest,3273,1388,0.4240757714634891,0.69588985394054,0.797735802903248,0.18032713107241066,0.824935673344087,-0.03674608387038414,19,4
ElasticNet,3273,1389,0.42438130155820347,0.7009687933222896,0.8018278282960293,0.18275253966567365,0.965706605182916,-0.34522557203634674,23,0
LightGBM,3273,1389,0.42438130155820347,0.6988730789343717,0.8052001699736632,0.1809052268132396,0.9117197193169405,-0.2963996640477324,23,0
RandomForest,3273,1389,0.42438130155820347,0.6871777747902897,0.7947927223146989,0.18170678955766031,0.8349850209111764,-0.04801594291942765,23,0
ElasticNet,3273,1389,0.42438130155820347,0.7066881501048151,0.8077360180612304,0.17739363808642175,1.0128457552841523,-0.30599947831658436,23,1
LightGBM,3273,1389,0.42438130155820347,0.6983654181494139,0.8097374503033389,0.17604729891374163,0.9379548374553535,-0.2500876429280578,23,1
RandomForest,3273,1389,0.42438130155820347,0.6861012941046107,0.8000442130234677,0.17890098448586073,0.8154422044208893,0.02209033869649047,23,1
ElasticNet,3273,1389,0.42438130155820347,0.6941810894909551,0.8054680466327023,0.17835078085077177,0.9938822357438409,-0.3143487744254408,23,2
LightGBM,3273,1389,0.42438130155820347,0.7192230073900797,0.8110628856697834,0.17711273778242292,0.9481586922386203,-0.2794884772446262,23,2
RandomForest,3273,1389,0.42438130155820347,0.7035714529931307,0.8073603793225205,0.17565941541908545,0.8995904461372627,-0.004571429968084497,23,2
ElasticNet,3273,1389,0.42438130155820347,0.6991621436577011,0.8082133047190619,0.17656085061518254,0.9679583385664192,-0.2597218217098948,23,3
LightGBM,3273,1389,0.42438130155820347,0.7121060496947272,0.8123604251787245,0.17656363115695842,0.8742614320140424,-0.21727696797472387,23,3
RandomForest,3273,1389,0.42438130155820347,0.7099182410806608,0.8067290922458686,0.176566300030553,0.7829456481844282,0.02249561221574156,23,3
ElasticNet,3273,1388,0.4240757714634891,0.7110448028027472,0.8121251500164348,0.17496936237491797,1.0002498961691382,-0.2810414321298502,23,4
LightGBM,3273,1388,0.4240757714634891,0.7067983217213707,0.8176004632354628,0.17208310554456144,0.9511502333071522,-0.23806545450283198,23,4
RandomForest,3273,1388,0.4240757714634891,0.6879389994729449,0.8049797812244398,0.17716311572801033,0.8277405969603148,0.030973598782854817,23,4
ElasticNet,3273,1389,0.42438130155820347,0.6948471952032442,0.7948962809089923,0.18529988432499597,0.9055559229230564,-0.30592239354226897,37,0
LightGBM,3273,1389,0.42438130155820347,0.6825145727115312,0.7942103485224368,0.18549543221355158,0.839247830205736,-0.2659185699084325,37,0
RandomForest,3273,1389,0.42438130155820347,0.6793153857166581,0.7913737601628813,0.183286108565027,0.7533188295278861,-0.008760477779824428,37,0
ElasticNet,3273,1389,0.42438130155820347,0.6934288388441953,0.8056323646974486,0.17725456201425227,0.9835096186303648,-0.26873221490353577,37,1
LightGBM,3273,1389,0.42438130155820347,0.7140626554167645,0.8154303069767157,0.1733537877385262,0.9474921912587032,-0.22970177637733757,37,1
RandomForest,3273,1389,0.42438130155820347,0.7102815912043342,0.8104191792045171,0.1742208711002478,0.9031485418412373,0.026320015916416247,37,1
ElasticNet,3273,1389,0.42438130155820347,0.7068831093017061,0.8093730845481406,0.17732937101064808,1.0192859568826043,-0.3154911165065876,37,2
LightGBM,3273,1389,0.42438130155820347,0.7147499439496927,0.8081294260790347,0.17910342054951553,0.9174886826083332,-0.26926905538811274,37,2
RandomForest,3273,1389,0.42438130155820347,0.699770753487394,0.8019961587786353,0.17832295549444954,0.870255516436039,-0.016446452197732612,37,2
ElasticNet,3273,1389,0.42438130155820347,0.7143768277635649,0.8189050608435401,0.17173900179831317,1.0512290905510233,-0.2877976518558888,37,3
LightGBM,3273,1389,0.42438130155820347,0.7305784826702626,0.8243097877010603,0.16952281296368518,0.9880475405617457,-0.21925005530402286,37,3
RandomForest,3273,1389,0.42438130155820347,0.7118212585804138,0.8134617383475564,0.1732755168550769,0.8118214474879686,0.04885266798017708,37,3
ElasticNet,3273,1388,0.4240757714634891,0.6963672943322631,0.8051659162659858,0.1794200371484697,0.9802356282808241,-0.3346162729071749,37,4
LightGBM,3273,1388,0.4240757714634891,0.7064779620857077,0.8091876944480543,0.17884935725592138,0.9042529484419053,-0.2957522421535955,37,4
RandomForest,3273,1388,0.4240757714634891,0.6990944763464323,0.8001261284675772,0.1792038327052993,0.7852358748631032,-0.03134684600333373,37,4
