model,outcome,site_test,pr_auc,pr_auc_ci,auroc,auroc_ci,mcc,mcc_ci,bal_acc,bal_acc_ci,sens,sens_ci,spec,spec_ci,brier,brier_ci,ece,ece_ci
LR-local-A,Y6-base,all,0.1785,0.0142,0.517,0.0273,0.0039,0.0382,0.5033,0.0262,0.3809,0.0628,0.6256,0.0262,0.235,0.005,0.3037,0.0117
EN-compact,Y6-base,all,0.2233,0.0198,0.5664,0.0225,0.0531,0.0335,0.5372,0.0232,0.4645,0.0476,0.6099,0.0142,0.2384,0.0041,0.3173,0.0069
EN-full,Y6-base,all,0.1868,0.0154,0.5289,0.0246,0.0134,0.0276,0.5095,0.0186,0.3955,0.0433,0.6235,0.0186,0.2411,0.0052,0.3151,0.0097
GBM-full,Y6-base,all,0.2346,0.0325,0.5592,0.0326,0.0583,0.0588,0.5173,0.0178,0.0764,0.0316,0.9582,0.0118,0.1473,0.0075,0.1503,0.0109
FL-FedAvg,Y6-base,all,0.2064,0.0223,0.5374,0.0271,-0.0117,0.0084,0.498,0.0015,0.0,0.0,0.996,0.0031,0.1412,0.0016,0.1278,0.0064
FL-FedProx,Y6-base,all,0.2062,0.0222,0.5371,0.0271,-0.0117,0.0084,0.498,0.0015,0.0,0.0,0.996,0.0031,0.1415,0.0016,0.1282,0.0058
FL-FedAvg-E,Y6-base,all,0.1817,0.0183,0.4693,0.0323,-0.0101,0.0394,0.4976,0.0109,0.0167,0.0211,0.9785,0.0087,0.1546,0.0025,0.1648,0.0087
LR-local-A,Y6-base,A,0.1666,0.019,0.519,0.0375,0.0093,0.0479,0.5066,0.0351,0.4014,0.0742,0.6119,0.0243,0.238,0.0066,0.3282,0.0113
EN-compact,Y6-base,A,0.2046,0.0233,0.5636,0.0345,0.0376,0.0389,0.5272,0.0274,0.3686,0.057,0.6858,0.0159,0.2152,0.0045,0.3053,0.0087
EN-full,Y6-base,A,0.1779,0.0231,0.5196,0.0388,-0.0031,0.0381,0.4991,0.0262,0.3064,0.0597,0.6918,0.0228,0.2232,0.0055,0.3104,0.0104
GBM-full,Y6-base,A,0.2617,0.0368,0.6235,0.0342,0.0877,0.0652,0.526,0.0198,0.0871,0.0371,0.9649,0.0099,0.124,0.0064,0.1306,0.0084
FL-FedAvg,Y6-base,A,0.2031,0.0309,0.5349,0.0462,-0.0122,0.0088,0.4974,0.0019,0.0,0.0,0.9949,0.0039,0.1288,0.0022,0.1406,0.0082
FL-FedProx,Y6-base,A,0.2031,0.0309,0.5349,0.0462,-0.0122,0.0088,0.4974,0.0019,0.0,0.0,0.9949,0.0039,0.1291,0.0021,0.1408,0.0074
FL-FedAvg-E,Y6-base,A,0.2052,0.0281,0.5484,0.0532,-0.0036,0.0478,0.4993,0.016,0.025,0.0316,0.9737,0.0103,0.1471,0.0031,0.1917,0.0073
LR-local-A,Y6-base,B,0.354,0.0615,0.5285,0.0543,0.0259,0.0849,0.5106,0.043,0.3433,0.0785,0.6779,0.0594,0.2243,0.0119,0.2565,0.0143
EN-compact,Y6-base,B,0.3239,0.0511,0.4968,0.0601,-0.0124,0.0834,0.4923,0.0458,0.6667,0.0952,0.3179,0.045,0.3185,0.0135,0.3927,0.0186
EN-full,Y6-base,B,0.2642,0.0278,0.4517,0.0521,-0.0441,0.074,0.4719,0.0436,0.5833,0.0938,0.3604,0.0536,0.303,0.0139,0.3698,0.0246
GBM-full,Y6-base,B,0.2667,0.0444,0.3892,0.0493,-0.012,0.0762,0.4929,0.0267,0.0533,0.0431,0.9324,0.0294,0.2281,0.0184,0.2542,0.0225
FL-FedAvg,Y6-base,B,0.2849,0.0436,0.4415,0.0596,0.0,0.0,0.5,0.0,0.0,0.0,1.0,0.0,0.184,0.0063,0.1345,0.0255
FL-FedProx,Y6-base,B,0.2845,0.0436,0.4408,0.0595,0.0,0.0,0.5,0.0,0.0,0.0,1.0,0.0,0.1842,0.0063,0.1361,0.0252
FL-FedAvg-E,Y6-base,B,0.2393,0.0279,0.3887,0.052,-0.0052,0.0102,0.4986,0.0028,0.0,0.0,0.9971,0.0056,0.1807,0.0068,0.1312,0.0214
LR-local-A,Y12-base,all,0.2956,0.0243,0.5484,0.0328,0.0554,0.057,0.5328,0.0328,0.4042,0.0643,0.6614,0.0225,0.2446,0.0035,0.258,0.0105
EN-compact,Y12-base,all,0.3094,0.0234,0.5775,0.0256,0.1175,0.0448,0.5688,0.0263,0.5051,0.0574,0.6325,0.0409,0.2449,0.0043,0.2675,0.0049
EN-full,Y12-base,all,0.2841,0.0223,0.5483,0.0268,0.0573,0.0321,0.5336,0.0188,0.4271,0.056,0.6402,0.0397,0.2512,0.0062,0.265,0.0096
GBM-full,Y12-base,all,0.2746,0.0204,0.5245,0.0263,0.0259,0.0378,0.5102,0.0142,0.1239,0.0279,0.8965,0.0164,0.2229,0.0091,0.2067,0.0158
FL-FedAvg,Y12-base,all,0.2977,0.0238,0.5548,0.0285,0.0461,0.0547,0.5086,0.0123,0.0562,0.019,0.9609,0.0108,0.1839,0.0034,0.1164,0.008
FL-FedProx,Y12-base,all,0.2976,0.0238,0.5547,0.0285,0.0461,0.0547,0.5086,0.0123,0.0562,0.019,0.9609,0.0108,0.1841,0.0034,0.1133,0.0076
FL-FedAvg-E,Y12-base,all,0.2773,0.0223,0.5055,0.0279,0.0515,0.0454,0.514,0.0134,0.0965,0.0203,0.9316,0.0148,0.1951,0.0039,0.1418,0.0087
LR-local-A,Y12-base,A,0.3094,0.0315,0.5768,0.0423,0.0996,0.0646,0.5605,0.0388,0.4774,0.0775,0.6437,0.0244,0.2459,0.0043,0.282,0.0083
EN-compact,Y12-base,A,0.311,0.0296,0.5687,0.0329,0.0903,0.0556,0.5512,0.0321,0.421,0.0569,0.6814,0.0415,0.2374,0.0053,0.2716,0.0075
EN-full,Y12-base,A,0.2854,0.0261,0.5536,0.0335,0.0627,0.0404,0.537,0.0239,0.3967,0.0596,0.6773,0.038,0.2423,0.0062,0.27,0.0115
GBM-full,Y12-base,A,0.2752,0.0259,0.5405,0.0323,0.0304,0.0499,0.5119,0.0189,0.1285,0.0372,0.8953,0.0203,0.2123,0.0114,0.1994,0.0187
FL-FedAvg,Y12-base,A,0.3155,0.0326,0.5625,0.0394,0.1,0.0677,0.5196,0.0153,0.0659,0.026,0.9733,0.0112,0.175,0.0043,0.1331,0.0107
FL-FedProx,Y12-base,A,0.3155,0.0325,0.5627,0.0393,0.1,0.0677,0.5196,0.0153,0.0659,0.026,0.9733,0.0112,0.1752,0.0043,0.1307,0.01
FL-FedAvg-E,Y12-base,A,0.2919,0.027,0.5332,0.0335,0.0893,0.0536,0.5287,0.0178,0.1341,0.0282,0.9233,0.0171,0.1902,0.0048,0.1668,0.0086
LR-local-A,Y12-base,B,0.3726,0.0419,0.4951,0.0453,-0.055,0.0843,0.4726,0.0397,0.216,0.0637,0.7292,0.0381,0.24,0.0086,0.2257,0.0158
EN-compact,Y12-base,B,0.4039,0.0475,0.5628,0.0553,0.1611,0.075,0.5831,0.0395,0.72,0.0987,0.4462,0.0759,0.2709,0.0116,0.2717,0.0215
EN-full,Y12-base,B,0.3613,0.0379,0.5049,0.0407,-0.0007,0.0786,0.5012,0.0426,0.504,0.0936,0.4985,0.0724,0.2823,0.0173,0.2915,0.0308
GBM-full,Y12-base,B,0.403,0.0588,0.4825,0.0596,0.029,0.0934,0.5068,0.0315,0.112,0.051,0.9015,0.0343,0.2599,0.0203,0.2795,0.0239
FL-FedAvg,Y12-base,B,0.3427,0.0337,0.488,0.0484,-0.079,0.064,0.4729,0.0213,0.032,0.0293,0.9138,0.0293,0.2147,0.0057,0.1762,0.0267
FL-FedProx,Y12-base,B,0.3426,0.0337,0.4874,0.0489,-0.079,0.064,0.4729,0.0213,0.032,0.0293,0.9138,0.0293,0.2148,0.0057,0.1763,0.0266
FL-FedAvg-E,Y12-base,B,0.363,0.0435,0.4905,0.0427,-0.0657,0.0329,0.4815,0.0098,0.0,0.0,0.9631,0.0197,0.2124,0.0067,0.1486,0.0236
LR-local-A,Y12-landmark,all,0.4946,0.0415,0.691,0.0293,0.2744,0.0499,0.6431,0.0255,0.4889,0.0459,0.7973,0.0265,0.2109,0.0079,0.2452,0.0113
EN-compact,Y12-landmark,all,0.3094,0.0234,0.5775,0.0256,0.1175,0.0448,0.5688,0.0263,0.5051,0.0574,0.6325,0.0409,0.2451,0.0043,0.2678,0.0049
EN-full,Y12-landmark,all,0.511,0.0414,0.698,0.0282,0.322,0.0432,0.6589,0.0209,0.4732,0.0389,0.8446,0.0245,0.2108,0.006,0.2552,0.0112
GBM-full,Y12-landmark,all,0.4277,0.0378,0.6333,0.0316,0.2625,0.055,0.6134,0.0236,0.3323,0.0394,0.8946,0.0162,0.1925,0.0139,0.1795,0.0169
FL-FedAvg,Y12-landmark,all,0.5031,0.0392,0.69,0.0292,0.3466,0.0471,0.6437,0.0181,0.3681,0.0288,0.9193,0.0158,0.1602,0.0057,0.1322,0.0072
FL-FedProx,Y12-landmark,all,0.5036,0.0393,0.6902,0.0292,0.3483,0.0485,0.644,0.0184,0.3681,0.0288,0.92,0.0162,0.1604,0.0056,0.1345,0.0076
FL-FedAvg-E,Y12-landmark,all,0.4823,0.0426,0.6791,0.0331,0.3747,0.0497,0.6618,0.0219,0.408,0.0388,0.9155,0.016,0.1696,0.0065,0.1621,0.0118
LR-local-A,Y12-landmark,A,0.4782,0.0449,0.7057,0.0322,0.2601,0.05,0.6386,0.0267,0.4823,0.051,0.795,0.0277,0.2112,0.0093,0.2572,0.0129
EN-compact,Y12-landmark,A,0.311,0.0296,0.5687,0.0329,0.0903,0.0556,0.5512,0.0321,0.421,0.0569,0.6814,0.0415,0.2376,0.0054,0.2719,0.0076
EN-full,Y12-landmark,A,0.4908,0.0469,0.7066,0.0317,0.3048,0.0494,0.6499,0.0235,0.4482,0.0439,0.8515,0.0255,0.2092,0.0057,0.2679,0.0104
GBM-full,Y12-landmark,A,0.4208,0.0402,0.6246,0.0337,0.262,0.0554,0.6138,0.0236,0.33,0.041,0.8976,0.0171,0.1845,0.0135,0.1753,0.0172
FL-FedAvg,Y12-landmark,A,0.4889,0.0463,0.6983,0.0332,0.3116,0.0547,0.6229,0.0208,0.3177,0.0373,0.928,0.0171,0.1548,0.0061,0.1431,0.0083
FL-FedProx,Y12-landmark,A,0.4889,0.0463,0.6984,0.0331,0.3139,0.0558,0.6233,0.021,0.3177,0.0373,0.9288,0.0174,0.155,0.006,0.1453,0.0082
FL-FedAvg-E,Y12-landmark,A,0.4671,0.0446,0.6781,0.0346,0.3616,0.0518,0.6582,0.0227,0.4044,0.0399,0.912,0.0177,0.1694,0.007,0.1848,0.0093
LR-local-A,Y12-landmark,B,0.6025,0.0568,0.6474,0.0484,0.3201,0.1037,0.6551,0.05,0.504,0.0788,0.8062,0.0453,0.2097,0.0127,0.2556,0.0216
EN-compact,Y12-landmark,B,0.4039,0.0475,0.5628,0.0553,0.1611,0.075,0.5831,0.0395,0.72,0.0987,0.4462,0.0759,0.2711,0.0115,0.272,0.0214
EN-full,Y12-landmark,B,0.6293,0.0586,0.6714,0.053,0.3783,0.0914,0.6772,0.0414,0.536,0.0706,0.8185,0.0514,0.2164,0.0144,0.2558,0.0187
GBM-full,Y12-landmark,B,0.5353,0.0617,0.6492,0.0551,0.2423,0.1207,0.6095,0.0532,0.336,0.0979,0.8831,0.0315,0.2202,0.0273,0.2435,0.027
FL-FedAvg,Y12-landmark,B,0.6144,0.063,0.6486,0.0568,0.4157,0.0979,0.6911,0.0444,0.496,0.0755,0.8862,0.029,0.179,0.0114,0.2015,0.0222
FL-FedProx,Y12-landmark,B,0.6144,0.063,0.6486,0.0568,0.4157,0.0979,0.6911,0.0444,0.496,0.0755,0.8862,0.029,0.1792,0.0114,0.202,0.0224
FL-FedAvg-E,Y12-landmark,B,0.6365,0.0567,0.7009,0.0535,0.4035,0.1018,0.6726,0.0467,0.416,0.0931,0.9292,0.026,0.1703,0.0117,0.1803,0.0238
