dataset,attack,f,f_pct,defense,krum_applicable,auroc_mean,auroc_lo95,auroc_hi95,degradation_mean,degradation_lo95,degradation_hi95,bsr_mean,bsr_lo95,bsr_hi95,conv_fail_rate,comm_params_round
cimas,alie,2,8.7,clipping,True,0.7908540000000001,0.7905438,0.7912159999999999,-0.00028600000000000847,-0.0005760000000000432,-9.799999999997589e-05,,,,0.0,966
cimas,alie,2,8.7,coord_median,True,0.7893380000000001,0.7888684499999999,0.7898900999999999,-0.0008440000000000003,-0.0011360000000000038,-0.0006186500000000048,,,,0.0,966
cimas,alie,2,8.7,fedavg,True,0.7908540000000001,0.7905438,0.7912159999999999,-0.00028600000000000847,-0.0005760000000000432,-9.799999999997589e-05,,,,0.0,966
cimas,alie,2,8.7,krum,True,0.7889980000000001,0.78866,0.7893180000000001,-0.002973999999999988,-0.0031610499999999812,-0.0028067499999999816,,,,0.0,966
cimas,alie,2,8.7,trimmed_mean,True,0.7913140000000001,0.791024,0.7916277500000001,-0.0006619999999999849,-0.0007819999999999716,-0.0005479999999999707,,,,0.0,966
cimas,alie,5,21.7,clipping,True,0.79033,0.79014,0.7905260000000001,-0.0008099999999999996,-0.0009279999999999733,-0.0006860000000000089,,,,0.0,966
cimas,alie,5,21.7,coord_median,True,0.7885100000000002,0.7881635,0.788822,-0.0016720000000000068,-0.002088200000000034,-0.0012499999999999955,,,,0.0,966
cimas,alie,5,21.7,fedavg,True,0.79033,0.79014,0.7905260000000001,-0.0008099999999999996,-0.0009279999999999733,-0.0006860000000000089,,,,0.0,966
cimas,alie,5,21.7,krum,True,0.7884739999999999,0.7875603999999999,0.7892261,-0.003497999999999979,-0.004292000000000029,-0.0029459999999999374,,,,0.0,966
cimas,alie,5,21.7,trimmed_mean,True,0.7893079999999999,0.78893255,0.789686,-0.0026679999999999816,-0.0030099999999999793,-0.002369999999999961,,,,0.0,966
cimas,alie,7,30.4,clipping,True,0.79053,0.7903739999999999,0.79069,-0.0006099999999999994,-0.0009600000000000053,-0.00025894999999998675,,,,0.0,966
cimas,alie,7,30.4,coord_median,True,0.7881440000000002,0.7877254,0.78858975,-0.0020380000000000064,-0.0026891500000000407,-0.0013745499999999937,,,,0.0,966
cimas,alie,7,30.4,fedavg,True,0.79053,0.7903739999999999,0.79069,-0.0006099999999999994,-0.0009600000000000053,-0.00025894999999998675,,,,0.0,966
cimas,alie,7,30.4,krum,True,0.78696,0.7864260000000001,0.78745935,-0.005011999999999994,-0.005949249999999969,-0.0042159000000000415,,,,0.0,966
cimas,alie,7,30.4,trimmed_mean,True,0.7886,0.788142,0.78907565,-0.003375999999999979,-0.003964099999999979,-0.0027879999999999685,,,,0.0,966
cimas,backdoor,2,8.7,clipping,True,0.79138,0.7911860000000001,0.791654,0.00024000000000001798,0.00017199999999997217,0.0003140000000000587,0.4083,0.39612600000000003,0.42347799999999997,0.0,966
cimas,backdoor,2,8.7,coord_median,True,0.7903079999999999,0.7900968500000001,0.79064315,0.00012599999999998168,1.7999999999940285e-05,0.00023105000000001426,0.378816,0.37612504999999996,0.38094799999999995,0.0,966
cimas,backdoor,2,8.7,fedavg,True,0.79138,0.7911860000000001,0.791654,0.00024000000000001798,0.00017199999999997217,0.0003140000000000587,0.4083,0.39612600000000003,0.42347799999999997,0.0,966
cimas,backdoor,2,8.7,krum,True,0.7914420000000001,0.79025265,0.7923247999999999,-0.0005300000000000082,-0.0015900000000000248,0.0,0.37494,0.369406,0.37992,0.0,966
cimas,backdoor,2,8.7,trimmed_mean,True,0.792028,0.7917660000000001,0.7922786,5.20000000000298e-05,-1.9999999999686936e-06,0.0001280000000000392,0.37019599999999997,0.3669461,0.372806,0.0,966
cimas,backdoor,5,21.7,clipping,True,0.79047,0.789598,0.7910943,-0.0006699999999999706,-0.001495999999999964,-9.399999999999409e-05,0.46063200000000004,0.425216,0.49850000000000005,0.0,966
cimas,backdoor,5,21.7,coord_median,True,0.790446,0.790014,0.79087965,0.00026400000000001975,-0.00015339999999998513,0.0006143000000000251,0.380394,0.37565,0.384268,0.0,966
cimas,backdoor,5,21.7,fedavg,True,0.79047,0.789598,0.7910943,-0.0006699999999999706,-0.001495999999999964,-9.399999999999409e-05,0.46063200000000004,0.425216,0.49850000000000005,0.0,966
cimas,backdoor,5,21.7,krum,True,0.7919720000000001,0.7916866499999999,0.79239335,0.0,0.0,0.0,0.37588999999999995,0.371464,0.37992,0.0,966
cimas,backdoor,5,21.7,trimmed_mean,True,0.7912099999999999,0.7909273,0.7914299999999999,-0.000766,-0.0010199999999999988,-0.0005067500000000138,0.379606,0.37430220000000003,0.384746,0.0,966
cimas,backdoor,7,30.4,clipping,True,0.790502,0.7895860000000001,0.7912771500000001,-0.000637999999999983,-0.0015339999999999464,3.399999999997849e-05,0.467586,0.437072,0.505136,0.0,966
cimas,backdoor,7,30.4,coord_median,True,0.79079,0.79040265,0.79118,0.0006079999999999864,0.00027399999999997424,0.0009419999999999984,0.382926,0.37881599999999993,0.386878,0.0,966
cimas,backdoor,7,30.4,fedavg,True,0.790502,0.7895860000000001,0.7912771500000001,-0.000637999999999983,-0.0015339999999999464,3.399999999997849e-05,0.467586,0.437072,0.505136,0.0,966
cimas,backdoor,7,30.4,krum,True,0.791142,0.789892,0.792126,-0.0008299999999999974,-0.0019580000000000153,0.0,0.37691600000000003,0.37252705,0.38011895,0.0,966
cimas,backdoor,7,30.4,trimmed_mean,True,0.791214,0.790828,0.79171,-0.0007619999999999739,-0.001193999999999984,-0.00019999999999995577,0.38276600000000005,0.378738,0.386558,0.0,966
cimas,label_flip,2,8.7,clipping,True,0.7910320000000001,0.790624,0.7915089,-0.00010799999999999699,-0.0003490500000000102,0.0001380000000000381,,,,0.0,966
cimas,label_flip,2,8.7,coord_median,True,0.790604,0.7903699999999999,0.7908799999999999,0.00042199999999998906,0.0002639999999999976,0.0006011499999999963,,,,0.0,966
cimas,label_flip,2,8.7,fedavg,True,0.7910320000000001,0.790624,0.7915089,-0.00010799999999999699,-0.0003490500000000102,0.0001380000000000381,,,,0.0,966
cimas,label_flip,2,8.7,krum,True,0.7914420000000001,0.79025265,0.7923247999999999,-0.0005300000000000082,-0.0015900000000000248,0.0,,,,0.0,966
cimas,label_flip,2,8.7,trimmed_mean,True,0.7921720000000001,0.79173,0.7926454500000001,0.00019599999999999617,-0.0002059999999999951,0.0005380000000000162,,,,0.0,966
cimas,label_flip,5,21.7,clipping,True,0.79094,0.78992895,0.792146,-0.00019999999999997797,-0.001085999999999987,0.0008634500000000327,,,,0.0,966
cimas,label_flip,5,21.7,coord_median,True,0.7916179999999999,0.7910179999999999,0.792254,0.0014359999999999707,0.00070599999999994,0.0021433500000000057,,,,0.0,966
cimas,label_flip,5,21.7,fedavg,True,0.79094,0.78992895,0.792146,-0.00019999999999997797,-0.001085999999999987,0.0008634500000000327,,,,0.0,966
cimas,label_flip,5,21.7,krum,True,0.7919720000000001,0.7916866499999999,0.79239335,0.0,0.0,0.0,,,,0.0,966
cimas,label_flip,5,21.7,trimmed_mean,True,0.79195,0.790952,0.7928453,-2.5999999999992697e-05,-0.0010299999999999975,0.0009300000000000086,,,,0.0,966
cimas,label_flip,7,30.4,clipping,True,0.790938,0.790146,0.7919369,-0.00020199999999996886,-0.0009199999999999653,0.0008340000000000236,,,,0.0,966
cimas,label_flip,7,30.4,coord_median,True,0.7922319999999999,0.7914819999999999,0.7932079999999999,0.0020499999999999963,0.0011842499999999924,0.0030240000000000267,,,,0.0,966
cimas,label_flip,7,30.4,fedavg,True,0.790938,0.790146,0.7919369,-0.00020199999999996886,-0.0009199999999999653,0.0008340000000000236,,,,0.0,966
cimas,label_flip,7,30.4,krum,True,0.791132,0.789862,0.792126,-0.0008399999999999963,-0.001988000000000012,0.0,,,,0.0,966
cimas,label_flip,7,30.4,trimmed_mean,True,0.792338,0.79139895,0.793224,0.00036200000000001785,-0.0005499999999999839,0.0012552500000000276,,,,0.0,966
cimas,model_replace,2,8.7,clipping,True,0.785486,0.782868,0.7869690500000001,-0.005653999999999981,-0.008278000000000008,-0.004171999999999931,,,,0.0,966
cimas,model_replace,2,8.7,coord_median,True,0.79054,0.790268,0.79082735,0.0003579999999999917,0.00014999999999996128,0.0006292500000000016,,,,0.0,966
cimas,model_replace,2,8.7,fedavg,True,0.785486,0.782868,0.7869690500000001,-0.005653999999999981,-0.008278000000000008,-0.004171999999999931,,,,0.0,966
cimas,model_replace,2,8.7,krum,True,0.7914420000000001,0.79025265,0.7923247999999999,-0.0005300000000000082,-0.0015900000000000248,0.0,,,,0.0,966
cimas,model_replace,2,8.7,trimmed_mean,True,0.791944,0.791522,0.7924155500000001,-3.199999999998759e-05,-0.00032200000000002225,0.00031400000000001425,,,,0.0,966
cimas,model_replace,5,21.7,clipping,True,0.786618,0.78634,0.786896,-0.0045220000000000034,-0.004909149999999995,-0.004148000000000018,,,,0.0,966
cimas,model_replace,5,21.7,coord_median,True,0.7910619999999999,0.790686,0.79145,0.0008800000000000141,0.00031779999999998534,0.0014701500000000418,,,,0.0,966
cimas,model_replace,5,21.7,fedavg,True,0.786618,0.78634,0.786896,-0.0045220000000000034,-0.004909149999999995,-0.004148000000000018,,,,0.0,966
cimas,model_replace,5,21.7,krum,True,0.7919720000000001,0.7916866499999999,0.79239335,0.0,0.0,0.0,,,,0.0,966
cimas,model_replace,5,21.7,trimmed_mean,True,0.791436,0.790796,0.7920307,-0.0005399999999999849,-0.0012060000000000183,0.0001780000000000781,,,,0.0,966
cimas,model_replace,7,30.4,clipping,True,0.7866259999999999,0.78641,0.7867830499999999,-0.004513999999999974,-0.0049471499999999575,-0.004231999999999969,,,,0.0,966
cimas,model_replace,7,30.4,coord_median,True,0.791826,0.7914540000000001,0.792334,0.001644000000000001,0.0011278999999999517,0.00221299999999998,,,,0.0,966
cimas,model_replace,7,30.4,fedavg,True,0.7866259999999999,0.78641,0.7867830499999999,-0.004513999999999974,-0.0049471499999999575,-0.004231999999999969,,,,0.0,966
cimas,model_replace,7,30.4,krum,True,0.791132,0.789862,0.792126,-0.0008399999999999963,-0.001988000000000012,0.0,,,,0.0,966
cimas,model_replace,7,30.4,trimmed_mean,True,0.791782,0.791404,0.79212235,-0.00019399999999998309,-0.0005980000000000097,0.00025470000000004257,,,,0.0,966
cimas,none,0,0.0,clipping,True,0.7911400000000001,0.7909219999999999,0.79139,0.0,0.0,0.0,,,,0.0,966
cimas,none,0,0.0,coord_median,True,0.7901819999999999,0.78989665,0.79053755,0.0,0.0,0.0,,,,0.0,966
cimas,none,0,0.0,fedavg,True,0.7911400000000001,0.7909219999999999,0.79139,0.0,0.0,0.0,,,,0.0,966
cimas,none,0,0.0,krum,True,0.7919720000000001,0.7916866499999999,0.79239335,0.0,0.0,0.0,,,,0.0,966
cimas,none,0,0.0,trimmed_mean,True,0.791976,0.7917419999999998,0.792206,0.0,0.0,0.0,,,,0.0,966
cimas,random_gauss,2,8.7,clipping,True,0.787956,0.7845161,0.790814,-0.0031839999999999868,-0.006556000000000006,-0.00042399999999993555,,,,0.0,966
cimas,random_gauss,2,8.7,coord_median,True,0.7901659999999999,0.7899139999999999,0.79048725,-1.6000000000016e-05,-0.0001080000000000414,0.000136000000000025,,,,0.0,966
cimas,random_gauss,2,8.7,fedavg,True,0.7916259999999999,0.790548,0.792994,0.00048600000000000867,-0.0006019999999999914,0.001796000000000042,,,,0.0,966
cimas,random_gauss,2,8.7,krum,True,0.7914420000000001,0.79025265,0.7923247999999999,-0.0005300000000000082,-0.0015900000000000248,0.0,,,,0.0,966
cimas,random_gauss,2,8.7,trimmed_mean,True,0.79177,0.79142,0.7921670000000001,-0.00020599999999997286,-0.0004579999999999362,2.8000000000005797e-05,,,,0.0,966
cimas,random_gauss,5,21.7,clipping,True,0.78422,0.7777160000000001,0.789724,-0.0069199999999999704,-0.013481999999999994,-0.0014259999999999494,,,,0.0,966
cimas,random_gauss,5,21.7,coord_median,True,0.7904599999999999,0.78991585,0.791022,0.00027799999999997824,-0.0003750500000000251,0.0009299999999999864,,,,0.0,966
cimas,random_gauss,5,21.7,fedavg,True,0.777596,0.75818,0.788758,-0.013544000000000023,-0.03291200000000003,-0.0022860000000000324,,,,0.0,966
cimas,random_gauss,5,21.7,krum,True,0.7919720000000001,0.7916866499999999,0.79239335,0.0,0.0,0.0,,,,0.0,966
cimas,random_gauss,5,21.7,trimmed_mean,True,0.79115,0.7906926,0.791646,-0.0008259999999999934,-0.0012520000000000087,-0.00042759999999997337,,,,0.0,966
cimas,random_gauss,7,30.4,clipping,True,0.7847959999999998,0.774228,0.790526,-0.006344000000000016,-0.016808,-0.0005740000000000522,,,,0.0,966
cimas,random_gauss,7,30.4,coord_median,True,0.790262,0.789636,0.790916,8.00000000000134e-05,-0.0006080000000000085,0.000770000000000004,,,,0.0,966
cimas,random_gauss,7,30.4,fedavg,True,0.782972,0.770034,0.7915,-0.008167999999999998,-0.021001999999999965,0.00039999999999997817,,,,0.0,966
cimas,random_gauss,7,30.4,krum,True,0.791132,0.789862,0.792126,-0.0008399999999999963,-0.001988000000000012,0.0,,,,0.0,966
cimas,random_gauss,7,30.4,trimmed_mean,True,0.7911620000000001,0.790696,0.7916779999999999,-0.0008140000000000036,-0.0012880000000000003,-0.0003059999999999841,,,,0.0,966
cimas,scaled_poison,2,8.7,clipping,True,0.7919959999999999,0.791598,0.7925735,0.0008560000000000123,0.0005080000000000417,0.0013879999999999893,,,,0.0,966
cimas,scaled_poison,2,8.7,coord_median,True,0.790292,0.7898733,0.7907925,0.00010999999999996568,-4.20000000000087e-05,0.0002590499999999323,,,,0.0,966
cimas,scaled_poison,2,8.7,fedavg,True,0.7919959999999999,0.791598,0.7925735,0.0008560000000000123,0.0005080000000000417,0.0013879999999999893,,,,0.0,966
cimas,scaled_poison,2,8.7,krum,True,0.7914420000000001,0.79025265,0.7923247999999999,-0.0005300000000000082,-0.0015900000000000248,0.0,,,,0.0,966
cimas,scaled_poison,2,8.7,trimmed_mean,True,0.792018,0.7916839999999999,0.7923560000000001,4.199999999998649e-05,-0.0002500000000000391,0.0002839999999999859,,,,0.0,966
cimas,scaled_poison,5,21.7,clipping,True,0.7928379999999999,0.792494,0.79317915,0.0016979999999999994,0.001499999999999968,0.0019460000000000254,,,,0.0,966
cimas,scaled_poison,5,21.7,coord_median,True,0.790686,0.790262,0.79111,0.0005039999999999934,0.00023600000000001398,0.0007559999999999789,,,,0.0,966
cimas,scaled_poison,5,21.7,fedavg,True,0.7928379999999999,0.792494,0.79317915,0.0016979999999999994,0.001499999999999968,0.0019460000000000254,,,,0.0,966
cimas,scaled_poison,5,21.7,krum,True,0.7919720000000001,0.7916866499999999,0.79239335,0.0,0.0,0.0,,,,0.0,966
cimas,scaled_poison,5,21.7,trimmed_mean,True,0.79149,0.7909099,0.7920241,-0.00048600000000000867,-0.0009139999999999926,-4.40000000000218e-05,,,,0.0,966
cimas,scaled_poison,7,30.4,clipping,True,0.7929579999999999,0.7925419999999999,0.7933789,0.0018179999999999863,0.001503999999999972,0.002203150000000011,,,,0.0,966
cimas,scaled_poison,7,30.4,coord_median,True,0.791064,0.7906320000000001,0.7915319999999999,0.0008820000000000272,0.0004960000000000297,0.0012540000000000218,,,,0.0,966
cimas,scaled_poison,7,30.4,fedavg,True,0.7929579999999999,0.7925419999999999,0.7933789,0.0018179999999999863,0.001503999999999972,0.002203150000000011,,,,0.0,966
cimas,scaled_poison,7,30.4,krum,True,0.791132,0.789862,0.792126,-0.0008399999999999963,-0.001988000000000012,0.0,,,,0.0,966
cimas,scaled_poison,7,30.4,trimmed_mean,True,0.791256,0.7908519999999999,0.79166,-0.0007200000000000095,-0.0010660000000000114,-0.0003337000000000348,,,,0.0,966
cimas,sign_flip,2,8.7,clipping,True,0.790138,0.7894220000000001,0.79085,-0.0010019999999999918,-0.0017240000000000367,-0.000522349999999962,,,,0.0,966
cimas,sign_flip,2,8.7,coord_median,True,0.790318,0.7899838,0.79064,0.0001359999999999806,-8.32500000000441e-05,0.00035925000000000903,,,,0.0,966
cimas,sign_flip,2,8.7,fedavg,True,0.790138,0.7894220000000001,0.79085,-0.0010019999999999918,-0.0017240000000000367,-0.000522349999999962,,,,0.0,966
cimas,sign_flip,2,8.7,krum,True,0.7914420000000001,0.79025265,0.7923247999999999,-0.0005300000000000082,-0.0015900000000000248,0.0,,,,0.0,966
cimas,sign_flip,2,8.7,trimmed_mean,True,0.79155,0.791114,0.7920419999999999,-0.00042600000000001523,-0.0007661000000000112,-3.20000000000098e-05,,,,0.0,966
cimas,sign_flip,5,21.7,clipping,True,0.7893399999999999,0.7889480000000001,0.7897320000000001,-0.0018000000000000238,-0.002057250000000031,-0.0014940000000000174,,,,0.0,966
cimas,sign_flip,5,21.7,coord_median,True,0.79079,0.789986,0.791516,0.0006079999999999864,-0.00032200000000004447,0.0014680000000000248,,,,0.0,966
cimas,sign_flip,5,21.7,fedavg,True,0.7893399999999999,0.7889480000000001,0.7897320000000001,-0.0018000000000000238,-0.002057250000000031,-0.0014940000000000174,,,,0.0,966
cimas,sign_flip,5,21.7,krum,True,0.7919720000000001,0.7916866499999999,0.79239335,0.0,0.0,0.0,,,,0.0,966
cimas,sign_flip,5,21.7,trimmed_mean,True,0.7907799999999999,0.789624,0.79175445,-0.001195999999999997,-0.002322000000000024,-0.00018799999999998817,,,,0.0,966
cimas,sign_flip,7,30.4,clipping,True,0.7888780000000001,0.7887558,0.7890400000000001,-0.0022620000000000084,-0.0025359999999999606,-0.0020340000000000024,,,,0.0,966
cimas,sign_flip,7,30.4,coord_median,True,0.7910860000000001,0.7904515,0.7916860000000001,0.0009040000000000159,0.0001109999999999673,0.0016760000000000553,,,,0.0,966
cimas,sign_flip,7,30.4,fedavg,True,0.7888780000000001,0.7887558,0.7890400000000001,-0.0022620000000000084,-0.0025359999999999606,-0.0020340000000000024,,,,0.0,966
cimas,sign_flip,7,30.4,krum,True,0.791048,0.7897779999999999,0.792126,-0.0009239999999999915,-0.002072000000000007,0.0,,,,0.0,966
cimas,sign_flip,7,30.4,trimmed_mean,True,0.7908299999999999,0.7899894,0.791654,-0.0011460000000000025,-0.0020740000000000203,-0.0002539999999999987,,,,0.0,966
eicu,alie,1,12.5,clipping,True,0.8892199999999999,0.8870312,0.8919779999999999,-0.0011519999999999974,-0.002740000000000009,0.0012720000000000064,,,,0.0,976
eicu,alie,1,12.5,coord_median,True,0.8926599999999999,0.8911900000000001,0.89413,0.0008520000000000083,-0.0010159999999999503,0.0019433499999999707,,,,0.0,976
eicu,alie,1,12.5,fedavg,True,0.8892199999999999,0.8870312,0.8919779999999999,-0.0011519999999999974,-0.002740000000000009,0.0012720000000000064,,,,0.0,976
eicu,alie,1,12.5,krum,True,0.88127,0.879366,0.883892,-0.002537999999999996,-0.008999999999999985,0.003923999999999994,,,,0.0,976
eicu,alie,1,12.5,trimmed_mean,True,0.8927080000000001,0.89117,0.894612,-0.0013060000000000294,-0.003180400000000016,0.0008119999999999239,,,,0.0,976
eicu,alie,2,25.0,clipping,True,0.889738,0.886232,0.89364025,-0.000633999999999979,-0.0031879999999999465,0.0029446499999999944,,,,0.0,976
eicu,alie,2,25.0,coord_median,True,0.89007,0.88738,0.8934871,-0.0017380000000000173,-0.0041779999999999925,0.0014059999999999518,,,,0.0,976
eicu,alie,2,25.0,fedavg,True,0.889738,0.886232,0.89364025,-0.000633999999999979,-0.0031879999999999465,0.0029446499999999944,,,,0.0,976
eicu,alie,2,25.0,krum,True,0.8851100000000001,0.8816179999999999,0.8897854000000001,0.0013020000000000475,-0.007467999999999919,0.008182000000000045,,,,0.0,976
eicu,alie,2,25.0,trimmed_mean,True,0.8911560000000002,0.889086,0.8938538500000001,-0.002858000000000005,-0.004528000000000021,-0.0003220000000000001,,,,0.0,976
eicu,alie,3,37.5,clipping,True,0.886198,0.88106555,0.8923099999999999,-0.0041739999999999885,-0.009035999999999956,0.0017739999999999644,,,,0.0,976
eicu,alie,3,37.5,coord_median,True,0.8785299999999999,0.8720141499999999,0.88648,-0.01327799999999999,-0.019791999999999966,-0.005678000000000005,,,,0.0,976
eicu,alie,3,37.5,fedavg,True,0.886198,0.88106555,0.8923099999999999,-0.0041739999999999885,-0.009035999999999956,0.0017739999999999644,,,,0.0,976
eicu,alie,3,37.5,krum,False,0.886198,0.88106555,0.8923099999999999,0.0023900000000000254,-0.00382199999999997,0.008602000000000021,,,,0.0,976
eicu,alie,3,37.5,trimmed_mean,True,0.8785299999999999,0.8720141499999999,0.88648,-0.015484000000000008,-0.022248,-0.007768000000000041,,,,0.0,976
eicu,backdoor,1,12.5,clipping,True,0.890938,0.8894086,0.8923765,0.0005660000000000442,-0.00010944999999996927,0.0012860000000000538,0.895636,0.886506,0.9031779999999999,0.0,976
eicu,backdoor,1,12.5,coord_median,True,0.892976,0.8915219999999999,0.8942119999999999,0.0011680000000000134,0.000670000000000015,0.0016584000000000039,0.8837299999999999,0.880556,0.886904,0.0,976
eicu,backdoor,1,12.5,fedavg,True,0.890938,0.8894086,0.8923765,0.0005660000000000442,-0.00010944999999996927,0.0012860000000000538,0.895636,0.886506,0.9031779999999999,0.0,976
eicu,backdoor,1,12.5,krum,True,0.892474,0.8851939999999999,0.8990225000000001,0.008666000000000017,-0.0009219999999999562,0.019389999999999973,0.85754,0.80568555,0.9029879000000001,0.0,976
eicu,backdoor,1,12.5,trimmed_mean,True,0.89391,0.8923656,0.8954934000000001,-0.00010399999999999299,-0.0009219999999999784,0.0007223999999999888,0.8912719999999998,0.884924,0.8980159999999999,0.0,976
eicu,backdoor,2,25.0,clipping,True,0.8905879999999999,0.8897539999999999,0.8913992,0.00021599999999999397,-0.0004559999999999897,0.0008039999999999825,0.912698,0.9111079999999999,0.9146839999999999,0.0,976
eicu,backdoor,2,25.0,coord_median,True,0.89229,0.8907680000000001,0.8938051999999999,0.00048200000000000467,-0.0010420000000000095,0.0019359999999999822,0.8972239999999999,0.89008,0.9043679999999998,0.0,976
eicu,backdoor,2,25.0,fedavg,True,0.8905879999999999,0.8897539999999999,0.8913992,0.00021599999999999397,-0.0004559999999999897,0.0008039999999999825,0.912698,0.9111079999999999,0.9146839999999999,0.0,976
eicu,backdoor,2,25.0,krum,True,0.897418,0.893692,0.9011440000000001,0.013610000000000034,0.0064120000000000175,0.020499250000000024,0.880954,0.856746,0.90344445,0.0,976
eicu,backdoor,2,25.0,trimmed_mean,True,0.893178,0.89160395,0.8943383999999999,-0.0008360000000000367,-0.001415999999999995,-0.000172000000000061,0.9003979999999998,0.894446,0.9063500000000001,0.0,976
eicu,backdoor,3,37.5,clipping,True,0.891322,0.8894052499999999,0.8924920000000001,0.0009500000000000064,-0.00023340000000002183,0.002104000000000017,0.921826,0.91905,0.9246040000000001,0.0,976
eicu,backdoor,3,37.5,coord_median,True,0.892294,0.890526,0.893862,0.00048600000000003084,-0.0008519999999999639,0.0015540000000000109,0.9071440000000001,0.8990001000000001,0.915874,0.0,976
eicu,backdoor,3,37.5,fedavg,True,0.891322,0.8894052499999999,0.8924920000000001,0.0009500000000000064,-0.00023340000000002183,0.002104000000000017,0.921826,0.91905,0.9246040000000001,0.0,976
eicu,backdoor,3,37.5,krum,False,0.891322,0.8894052499999999,0.8924920000000001,0.007514000000000021,0.00021600000000001617,0.014812000000000025,0.921826,0.91905,0.9246040000000001,0.0,976
eicu,backdoor,3,37.5,trimmed_mean,True,0.892294,0.890526,0.893862,-0.0017199999999999882,-0.0032199999999999785,-0.0002880000000000216,0.9071440000000001,0.8990001000000001,0.915874,0.0,976
eicu,label_flip,1,12.5,clipping,True,0.887302,0.8799199999999999,0.8931979999999999,-0.003069999999999995,-0.010580250000000008,0.0029440000000000134,,,,0.0,976
eicu,label_flip,1,12.5,coord_median,True,0.8947799999999999,0.8928240000000001,0.896604,0.0029719999999999747,0.0019160000000000067,0.004663999999999979,,,,0.0,976
eicu,label_flip,1,12.5,fedavg,True,0.887302,0.8799199999999999,0.8931979999999999,-0.003069999999999995,-0.010580250000000008,0.0029440000000000134,,,,0.0,976
eicu,label_flip,1,12.5,krum,True,0.8868960000000001,0.8783735500000001,0.8940024,0.003088000000000024,-0.0043139999999999516,0.014926349999999986,,,,0.0,976
eicu,label_flip,1,12.5,trimmed_mean,True,0.8914399999999999,0.8892875499999999,0.8933439999999999,-0.0025740000000000094,-0.004276000000000013,-0.0008720000000000061,,,,0.0,976
eicu,label_flip,2,25.0,clipping,True,0.8604099999999999,0.846984,0.8738360000000001,-0.029962,-0.042737999999999964,-0.017186000000000035,,,,0.0,976
eicu,label_flip,2,25.0,coord_median,True,0.894098,0.892376,0.89591725,0.002289999999999992,-0.0002180000000000293,0.004798000000000013,,,,0.0,976
eicu,label_flip,2,25.0,fedavg,True,0.8604099999999999,0.846984,0.8738360000000001,-0.029962,-0.042737999999999964,-0.017186000000000035,,,,0.0,976
eicu,label_flip,2,25.0,krum,True,0.893764,0.8873833499999999,0.8991579999999999,0.00995600000000001,0.003594000000000008,0.017134000000000003,,,,0.0,976
eicu,label_flip,2,25.0,trimmed_mean,True,0.8908380000000001,0.8888159999999999,0.89316,-0.0031760000000000234,-0.004978000000000015,-0.0011240000000000583,,,,0.0,976
eicu,label_flip,3,37.5,clipping,True,0.77087,0.735896,0.8084659999999999,-0.11950199999999997,-0.15372639999999996,-0.08255599999999999,,,,0.0,976
eicu,label_flip,3,37.5,coord_median,True,0.8823040000000001,0.875174,0.8919079999999999,-0.009504000000000023,-0.01725199999999998,0.00013399999999994528,,,,0.0,976
eicu,label_flip,3,37.5,fedavg,True,0.77087,0.735896,0.8084659999999999,-0.11950199999999997,-0.15372639999999996,-0.08255599999999999,,,,0.0,976
eicu,label_flip,3,37.5,krum,False,0.77087,0.735896,0.8084659999999999,-0.11293799999999996,-0.14126599999999995,-0.08292399999999996,,,,0.0,976
eicu,label_flip,3,37.5,trimmed_mean,True,0.8823040000000001,0.875174,0.8919079999999999,-0.011710000000000043,-0.019524650000000036,-0.0021080000000000877,,,,0.0,976
eicu,model_replace,1,12.5,clipping,True,0.8727499999999999,0.8712733,0.8740200000000001,-0.01762199999999998,-0.019511999999999995,-0.015731999999999968,,,,0.0,976
eicu,model_replace,1,12.5,coord_median,True,0.894064,0.89291,0.8951934500000001,0.0022560000000000136,0.0008680000000000021,0.003478000000000048,,,,0.0,976
eicu,model_replace,1,12.5,fedavg,True,0.8727499999999999,0.8712733,0.8740200000000001,-0.01762199999999998,-0.019511999999999995,-0.015731999999999968,,,,0.0,976
eicu,model_replace,1,12.5,krum,True,0.8868960000000001,0.8783735500000001,0.8940024,0.003088000000000024,-0.0043139999999999516,0.014926349999999986,,,,0.0,976
eicu,model_replace,1,12.5,trimmed_mean,True,0.8902720000000001,0.88889845,0.891526,-0.003742000000000001,-0.00509400000000002,-0.0023239999999999927,,,,0.0,976
eicu,model_replace,2,25.0,clipping,True,0.8716000000000002,0.869896,0.8736700000000001,-0.018771999999999966,-0.020507999999999926,-0.017018,,,,0.0,976
eicu,model_replace,2,25.0,coord_median,True,0.891824,0.8898379999999999,0.8933579999999999,1.5999999999993796e-05,-0.0026900000000000144,0.0024168999999999814,,,,0.0,976
eicu,model_replace,2,25.0,fedavg,True,0.8716000000000002,0.869896,0.8736700000000001,-0.018771999999999966,-0.020507999999999926,-0.017018,,,,0.0,976
eicu,model_replace,2,25.0,krum,True,0.893764,0.8873833499999999,0.8991579999999999,0.00995600000000001,0.003594000000000008,0.017134000000000003,,,,0.0,976
eicu,model_replace,2,25.0,trimmed_mean,True,0.888984,0.8872479999999999,0.8909879999999999,-0.005030000000000023,-0.006786750000000041,-0.0032620000000000092,,,,0.0,976
eicu,model_replace,3,37.5,clipping,True,0.8702799999999999,0.86812425,0.8723000000000001,-0.020091999999999978,-0.02215929999999999,-0.018051999999999957,,,,0.0,976
eicu,model_replace,3,37.5,coord_median,True,0.883656,0.8780439999999998,0.89032,-0.008152000000000003,-0.014634000000000013,-0.0016040000000000054,,,,0.0,976
eicu,model_replace,3,37.5,fedavg,True,0.8702799999999999,0.86812425,0.8723000000000001,-0.020091999999999978,-0.02215929999999999,-0.018051999999999957,,,,0.0,976
eicu,model_replace,3,37.5,krum,False,0.8702799999999999,0.86812425,0.8723000000000001,-0.013527999999999962,-0.01990799999999997,-0.006780399999999945,,,,0.0,976
eicu,model_replace,3,37.5,trimmed_mean,True,0.883656,0.8780439999999998,0.89032,-0.010358000000000023,-0.016538000000000053,-0.004044000000000025,,,,0.0,976
eicu,none,0,0.0,clipping,True,0.8903719999999999,0.8892096,0.891324,0.0,0.0,0.0,,,,0.0,976
eicu,none,0,0.0,coord_median,True,0.8918079999999999,0.89033565,0.8928119999999999,0.0,0.0,0.0,,,,0.0,976
eicu,none,0,0.0,fedavg,True,0.8903719999999999,0.8892096,0.891324,0.0,0.0,0.0,,,,0.0,976
eicu,none,0,0.0,krum,True,0.8838080000000001,0.875708,0.8919079999999999,0.0,0.0,0.0,,,,0.0,976
eicu,none,0,0.0,trimmed_mean,True,0.8940140000000001,0.8927915000000001,0.8950480000000001,0.0,0.0,0.0,,,,0.0,976
eicu,random_gauss,1,12.5,clipping,True,0.87287,0.86232965,0.885228,-0.017501999999999997,-0.027816749999999998,-0.005764000000000014,,,,0.0,976
eicu,random_gauss,1,12.5,coord_median,True,0.8935780000000001,0.8915383,0.8954320000000001,0.0017700000000000272,4.590000000004003e-05,0.0032481500000000312,,,,0.0,976
eicu,random_gauss,1,12.5,fedavg,True,0.8697800000000001,0.854114,0.887203,-0.020591999999999964,-0.036877999999999946,-0.0028103500000000157,,,,0.0,976
eicu,random_gauss,1,12.5,krum,True,0.8868960000000001,0.8783735500000001,0.8940024,0.003088000000000024,-0.0043139999999999516,0.014926349999999986,,,,0.0,976
eicu,random_gauss,1,12.5,trimmed_mean,True,0.891356,0.8887,0.8941600000000001,-0.002658000000000027,-0.00480799999999999,-6.000000000061512e-06,,,,0.0,976
eicu,random_gauss,2,25.0,clipping,True,0.8562179999999999,0.82961,0.882826,-0.034153999999999976,-0.06052999999999997,-0.007777999999999974,,,,0.0,976
eicu,random_gauss,2,25.0,coord_median,True,0.892844,0.889902,0.8955780999999999,0.0010359999999999924,-0.001122000000000023,0.0035959999999999994,,,,0.0,976
eicu,random_gauss,2,25.0,fedavg,True,0.8313,0.795544,0.868894,-0.05907199999999997,-0.09546399999999995,-0.021794,,,,0.0,976
eicu,random_gauss,2,25.0,krum,True,0.893764,0.8873833499999999,0.8991579999999999,0.00995600000000001,0.003594000000000008,0.017134000000000003,,,,0.0,976
eicu,random_gauss,2,25.0,trimmed_mean,True,0.891624,0.888302,0.8946341999999999,-0.0023900000000000475,-0.004794000000000032,0.00018009999999993632,,,,0.0,976
eicu,random_gauss,3,37.5,clipping,True,0.8169679999999999,0.7799458499999999,0.85321,-0.07340399999999996,-0.11125634999999999,-0.03620999999999992,,,,0.0,976
eicu,random_gauss,3,37.5,coord_median,True,0.8908719999999999,0.8869659999999999,0.8949640000000001,-0.0009360000000000035,-0.004241999999999968,0.003106000000000009,,,,0.0,976
eicu,random_gauss,3,37.5,fedavg,True,0.808934,0.769616,0.848168,-0.08143799999999998,-0.12003599999999999,-0.04283999999999999,,,,0.0,976
eicu,random_gauss,3,37.5,krum,False,0.76653,0.6755775,0.823948,-0.11727799999999997,-0.20403899999999994,-0.062165999999999964,,,,0.0,976
eicu,random_gauss,3,37.5,trimmed_mean,True,0.890438,0.886382,0.8951960000000001,-0.0035760000000000236,-0.007364000000000015,0.0010139999999999594,,,,0.0,976
eicu,scaled_poison,1,12.5,clipping,True,0.893164,0.88950615,0.895668,0.002792000000000039,-0.0009979999999999655,0.005132000000000025,,,,0.0,976
eicu,scaled_poison,1,12.5,coord_median,True,0.8932079999999999,0.89204,0.8943760000000001,0.0014000000000000013,0.000524750000000031,0.002283999999999975,,,,0.0,976
eicu,scaled_poison,1,12.5,fedavg,True,0.893164,0.88950615,0.895668,0.002792000000000039,-0.0009979999999999655,0.005132000000000025,,,,0.0,976
eicu,scaled_poison,1,12.5,krum,True,0.8868960000000001,0.8783735500000001,0.8940024,0.003088000000000024,-0.0043139999999999516,0.014926349999999986,,,,0.0,976
eicu,scaled_poison,1,12.5,trimmed_mean,True,0.894684,0.892948,0.8962462499999999,0.0006699999999999706,-0.0006846500000000215,0.0015219999999999789,,,,0.0,976
eicu,scaled_poison,2,25.0,clipping,True,0.8942460000000001,0.8896200000000001,0.8972519999999999,0.003874,-0.000802000000000036,0.007634000000000052,,,,0.0,976
eicu,scaled_poison,2,25.0,coord_median,True,0.8942479999999999,0.8929351,0.8955000000000002,0.00244000000000002,0.0015040000000000608,0.0034920000000000285,,,,0.0,976
eicu,scaled_poison,2,25.0,fedavg,True,0.8942460000000001,0.8896200000000001,0.8972519999999999,0.003874,-0.000802000000000036,0.007634000000000052,,,,0.0,976
eicu,scaled_poison,2,25.0,krum,True,0.893764,0.8873833499999999,0.8991579999999999,0.00995600000000001,0.003594000000000008,0.017134000000000003,,,,0.0,976
eicu,scaled_poison,2,25.0,trimmed_mean,True,0.8961840000000001,0.8943047,0.89762945,0.0021700000000000053,0.0013900000000000468,0.0029601499999999887,,,,0.0,976
eicu,scaled_poison,3,37.5,clipping,True,0.8964039999999999,0.8919940000000001,0.8998280000000001,0.006031999999999993,0.0015759999999999553,0.010090000000000043,,,,0.0,976
eicu,scaled_poison,3,37.5,coord_median,True,0.8965339999999999,0.89525855,0.8975000000000001,0.004725999999999985,0.004472949999999971,0.005004399999999963,,,,0.0,976
eicu,scaled_poison,3,37.5,fedavg,True,0.8964039999999999,0.8919940000000001,0.8998280000000001,0.006031999999999993,0.0015759999999999553,0.010090000000000043,,,,0.0,976
eicu,scaled_poison,3,37.5,krum,False,0.8964039999999999,0.8919940000000001,0.8998280000000001,0.012596000000000006,0.0014059999999999962,0.023418000000000005,,,,0.0,976
eicu,scaled_poison,3,37.5,trimmed_mean,True,0.8965339999999999,0.89525855,0.8975000000000001,0.0025199999999999667,0.0022339999999999804,0.002869999999999928,,,,0.0,976
eicu,sign_flip,1,12.5,clipping,True,0.8837759999999999,0.880418,0.888352,-0.0065959999999999795,-0.009800749999999988,-0.002251999999999965,,,,0.0,976
eicu,sign_flip,1,12.5,coord_median,True,0.8920239999999999,0.890038,0.89399665,0.00021600000000001617,-0.0022399999999999755,0.002244850000000019,,,,0.0,976
eicu,sign_flip,1,12.5,fedavg,True,0.8837759999999999,0.880418,0.888352,-0.0065959999999999795,-0.009800749999999988,-0.002251999999999965,,,,0.0,976
eicu,sign_flip,1,12.5,krum,True,0.8868960000000001,0.8783735500000001,0.8940024,0.003088000000000024,-0.0043139999999999516,0.014926349999999986,,,,0.0,976
eicu,sign_flip,1,12.5,trimmed_mean,True,0.890236,0.888816,0.891656,-0.003778000000000037,-0.005698000000000048,-0.002344000000000057,,,,0.0,976
eicu,sign_flip,2,25.0,clipping,True,0.8755899999999999,0.8660760999999999,0.88404,-0.014782000000000007,-0.02319220000000001,-0.0069819999999999995,,,,0.0,976
eicu,sign_flip,2,25.0,coord_median,True,0.890274,0.88822575,0.8921620000000001,-0.0015340000000000132,-0.004252400000000045,0.0005559999999999787,,,,0.0,976
eicu,sign_flip,2,25.0,fedavg,True,0.8755899999999999,0.8660760999999999,0.88404,-0.014782000000000007,-0.02319220000000001,-0.0069819999999999995,,,,0.0,976
eicu,sign_flip,2,25.0,krum,True,0.893764,0.8873833499999999,0.8991579999999999,0.00995600000000001,0.003594000000000008,0.017134000000000003,,,,0.0,976
eicu,sign_flip,2,25.0,trimmed_mean,True,0.8890699999999999,0.886796,0.8916600000000001,-0.004944000000000015,-0.007098000000000026,-0.0023560000000000247,,,,0.0,976
eicu,sign_flip,3,37.5,clipping,True,0.8310320000000001,0.803426,0.858638,-0.05933999999999999,-0.08629599999999996,-0.03228635000000004,,,,0.0,976
eicu,sign_flip,3,37.5,coord_median,True,0.878382,0.870196,0.88787,-0.013426000000000004,-0.022631999999999965,-0.003752000000000022,,,,0.0,976
eicu,sign_flip,3,37.5,fedavg,True,0.8310320000000001,0.803426,0.858638,-0.05933999999999999,-0.08629599999999996,-0.03228635000000004,,,,0.0,976
eicu,sign_flip,3,37.5,krum,False,0.8310320000000001,0.803426,0.858638,-0.052775999999999976,-0.07370199999999996,-0.028824150000000007,,,,0.0,976
eicu,sign_flip,3,37.5,trimmed_mean,True,0.878382,0.870196,0.88787,-0.015632000000000024,-0.02480200000000001,-0.006128000000000045,,,,0.0,976
